[
    {
        "id": 1,
        "name": "Convite Clássico",
        "price": "R$ 50,00",
        "images": [
            "assets/images/classico1.jpg",
            "assets/images/classico2.jpg"
        ],
        "description": "Convite elegante e sofisticado, perfeito para casamentos e eventos formais.",
        "envelopeOptions": ["Liso branco", "Telado", "Color Plus"],
        "insertOptions": ["Liso branco", "Telado"]
    },
    {
        "id": 2,
        "name": "Convite Moderno",
        "price": "R$ 60,00",
        "images": [
            "assets/images/moderno1.jpg",
            "assets/images/moderno2.jpg"
        ],
        "description": "Design contemporâneo com cores vibrantes, ideal para festas temáticas e eventos informais.",
        "envelopeOptions": ["Liso branco", "Telado", "Color Plus"],
        "insertOptions": ["Liso branco", "Telado"]
    },
    {
        "id": 3,
        "name": "Convite Rustico",
        "price": "R$ 55,00",
        "images": [
            "assets/images/rustico1.jpg",
            "assets/images/rustico2.jpg"
        ],
        "description": "Estilo rústico com detalhes em tons terrosos, perfeito para eventos ao ar livre e casamentos no campo.",
        "envelopeOptions": ["Liso branco", "Telado", "Color Plus"],
        "insertOptions": ["Liso branco", "Telado"]
    },
    {
        "id": 4,
        "name": "Convite Minimalista",
        "price": "R$ 45,00",
        "images": [
            "assets/images/minimalista1.jpg",
            "assets/images/minimalista2.jpg"
        ],
        "description": "Design limpo e simples, ideal para quem busca elegância sem excessos.",
        "envelopeOptions": ["Liso branco", "Telado", "Color Plus"],
        "insertOptions": ["Liso branco", "Telado"]
    }
]